category_id, image, parent_id, top, column, sort_order, status, date_added, date_modified, 
1, Nature, 0, true, 0, 1, true, 1498348860000, 1498348860000, 
2, Graduation, 0, true, 0, 1, true, 1498348860000, 1498348860000, 
3, Christmas, 0, true, 0, 1, true, 1498348860000, 1498348860000, 
4, Baby, 0, true, 0, 1, true, 1498348860000, 1498348860000, 
5, Birthday, 0, true, 0, 1, true, 1498348860000, 1498348860000, 
6, Congratulation, 0, true, 0, 1, true, 1498348860000, 1498348860000, 
7, Holidays, 0, true, 0, 1, true, 1498348860000, 1498348860000, 
8, Wedding, 0, true, 0, 1, true, 1498348860000, 1498348860000, 
9, Animal, 0, true, 0, 1, true, 1498348860000, 1498348860000, 
10, Valentine, 0, true, 0, 1, true, 1498348860000, 1498348860000, 
11, Scenary, 0, true, 0, 1, true, 1498348860000, 1498348860000, 
12, Father Day, 0, true, 0, 1, true, 1498348860000, 1498348860000, 
13, Halloween, 0, true, 0, 1, true, 1498348860000, 1498348860000, 
14, Mother Day, 0, true, 0, 1, true, 1498348860000, 1498348860000, 
15, Thank you, 0, true, 0, 1, true, 1498348860000, 1498348860000, 
